Region,Company,Brand,Area name,Composite Name,Generation Year,Generation sales name,Sales Geo Area type,Body Type,Body Type sales name,Model Code,Version Year,Version Sales name,Vehicle Platform,Market Segment,Type Name,Type Code,Door count,Energy type,Steering Position Type,Output Type,Output Power (kW) [1..n],Output Power (HP) [1..n],Sales Horse Power (HP),Capacity,Feature Configuration,Sales Geo Area,Start of Production (from),End of Production (to),Start of Sales (from),End of Sales (to),Emission Standard,Gross Vehicle Weight,Co2 Emission from g/Km,Co2 Emission to g/Km,Power Train Type,Drive Type,Drive Type Sales Name,Catalyst Type,Steering Box Type,Voltage Type,Gearbox type,Engine [1..n] ,Brake Type,Brake Disc Thickness,Brake Outer Diameter,Rim Measurement Type Front,Rim Measurement Type Rear,Suspension Type,Wheel suspension type,Wheel Count Type,Brake Name,Brake System Type,Engine,Additional Code Engine,Engine Sales Name,Catalogue Display Code,Aspiration Type,Aspiration Intercooler,Gearbox,Additional Code Gearbox,Gearbox Sales Name,Url,Url_json
DE,Hyundai,Hyundai,KONA,"Hybrid 1.6 GDI Frontantrieb Benzin, DCT, 104 kW (141 PS)",,,Europe,Elektro,,3634,,,,,Elektro,,,,Left Hand Side,,77,105,105,,,Europe,,,,,,1600,103,107,Multi fuel,"Vorne quer, Frontantrieb",,,,,,,,,,"6,5 J x 16-Zoll-Leichtmetallfelgen mit 205/65 R 16 Bereifung","6,5 J x 16-Zoll-Leichtmetallfelgen mit 205/65 R 16 Bereifung",,,,,,,,,,,,,,,https://www.hyundai.com/de/de/konfigurator/configure/KONA/27/V6/201/trims/137/summary,https://www.hyundai.com/de/de/konfigurator/api/data/model/27/gen/V6/body/201/trim/137/config.json?withAccessories&sections=
DE,Hyundai,Hyundai,KONA Elektro Advantage,"Advantage Elektro Frontantrieb, Reduktionsgetriebe, 115 kW (156 PS)",,"48,4 kWh Batterie",Europe,Elektro,,3695,,,,,Elektro,,,Advantage,Left Hand Side,,115,156,156,,,Europe,,,,,,1765,0,0,Single fuel,"Vorne quer, Frontantrieb",,,,,,,,,,"7,0 J x 17-Zoll-Leichtmetallfelgen mit 215/60 R 17 Bereifung","7,0 J x 17-Zoll-Leichtmetallfelgen mit 215/60 R 17 Bereifung",,,,,,,,,,,,,,,https://www.hyundai.com/de/de/konfigurator/configure/KONA Elektro Advantage/43/V1/216/trims/161/summary,https://www.hyundai.com/de/de/konfigurator/api/data/model/43/gen/V1/body/216/trim/161/config.json?withAccessories&sections=
DE,Hyundai,Hyundai,KONA,"N Line Hybrid 1.6 GDI Frontantrieb Benzin, DCT, 104 kW (141 PS)",,,Europe,Elektro,,3634,,,,,Elektro,,,N Line Hybrid,Left Hand Side,,77,105,105,,,Europe,,,,,,1600,103,107,Multi fuel,"Vorne quer, Frontantrieb",,,,,,,,,,"7,0 J x 18-Zoll-Leichtmetallfelgen mit 215/55 R 18 Bereifung","7,0 J x 18-Zoll-Leichtmetallfelgen mit 215/55 R 18 Bereifung",,,,,,,,,,,,,,,https://www.hyundai.com/de/de/konfigurator/configure/KONA/27/V6/201/trims/145/summary,https://www.hyundai.com/de/de/konfigurator/api/data/model/27/gen/V6/body/201/trim/145/config.json?withAccessories&sections=
DE,Hyundai,Hyundai,IONIQ 5,"Elektro Heckantrieb, Reduktionsgetriebe, 125 kW (170 PS)",,58 kWh Batterie,Europe,Elektro,,3670,,,,,Elektro,,,IONIQ 5,Left Hand Side,,125,170,170,,,Europe,,,,,,1985,0,0,Single fuel,"hinten, Heckantrieb",,,,,,,,,,"7,5 J x 19-Zoll-Leichtmetallfelgen mit 235/55 R 19 Bereifung","7,5 J x 19-Zoll-Leichtmetallfelgen mit 235/55 R 19 Bereifung",,,,,,,,,,,,,,,https://www.hyundai.com/de/de/konfigurator/configure/IONIQ 5/46/V3/209/trims/146/summary,https://www.hyundai.com/de/de/konfigurator/api/data/model/46/gen/V3/body/209/trim/146/config.json?withAccessories&sections=
DE,Hyundai,Hyundai,KONA,"N Line 1.0 T-GDI Frontantrieb Benzin, DCT, 88 kW (120 PS)",,,Europe,Elektro,,3634,,,,,Elektro,,,N Line,Left Hand Side,,88,120,120,,,Europe,,,,,,1520,136,145,Single fuel,"Vorne quer, Frontantrieb",,,,,,,,,,"7,0 J x 18-Zoll-Leichtmetallfelgen mit 215/55 R 18 Bereifung","7,0 J x 18-Zoll-Leichtmetallfelgen mit 215/55 R 18 Bereifung",,,,,,,,,,,,,,,https://www.hyundai.com/de/de/konfigurator/configure/KONA/27/V6/201/trims/104/summary,https://www.hyundai.com/de/de/konfigurator/api/data/model/27/gen/V6/body/201/trim/104/config.json?withAccessories&sections=
DE,Hyundai,Hyundai,KONA,"Trend 1.0 T-GDI Frontantrieb Benzin, 6-Gang, 88 kW (120 PS)",,,Europe,Elektro,,3634,,,,,Elektro,,,Trend,Left Hand Side,,88,120,120,,,Europe,,,,,,1510,129,131,Single fuel,"Vorne quer, Frontantrieb",,,,,,,,,,"7,0 J x 17-Zoll-Leichtmetallfelgen mit 215/60 R 17 Bereifung","7,0 J x 17-Zoll-Leichtmetallfelgen mit 215/60 R 17 Bereifung",,,,,,,,,,,,,,,https://www.hyundai.com/de/de/konfigurator/configure/KONA/27/V6/201/trims/26/summary,https://www.hyundai.com/de/de/konfigurator/api/data/model/27/gen/V6/body/201/trim/26/config.json?withAccessories&sections=
DE,Hyundai,Hyundai,KONA,"Prime 1.0 T-GDI Frontantrieb Benzin, DCT, 88 kW (120 PS)",,,Europe,Elektro,,3634,,,,,Elektro,,,Prime,Left Hand Side,,88,120,120,,,Europe,,,,,,1520,136,145,Single fuel,"Vorne quer, Frontantrieb",,,,,,,,,,"7,0 J x 18-Zoll-Leichtmetallfelgen mit 215/55 R 18 Bereifung","7,0 J x 18-Zoll-Leichtmetallfelgen mit 215/55 R 18 Bereifung",,,,,,,,,,,,,,,https://www.hyundai.com/de/de/konfigurator/configure/KONA/27/V6/201/trims/133/summary,https://www.hyundai.com/de/de/konfigurator/api/data/model/27/gen/V6/body/201/trim/133/config.json?withAccessories&sections=
DE,Hyundai,Hyundai,KONA,"Trend Hybrid 1.6 GDI Frontantrieb Benzin, DCT, 104 kW (141 PS)",,,Europe,Elektro,,3634,,,,,Elektro,,,Trend Hybrid,Left Hand Side,,77,105,105,,,Europe,,,,,,1600,103,107,Multi fuel,"Vorne quer, Frontantrieb",,,,,,,,,,"7,0 J x 18-Zoll-Leichtmetallfelgen mit 215/55 R 18 Bereifung","7,0 J x 18-Zoll-Leichtmetallfelgen mit 215/55 R 18 Bereifung",,,,,,,,,,,,,,,https://www.hyundai.com/de/de/konfigurator/configure/KONA/27/V6/201/trims/113/summary,https://www.hyundai.com/de/de/konfigurator/api/data/model/27/gen/V6/body/201/trim/113/config.json?withAccessories&sections=
DE,Hyundai,Hyundai,KONA Elektro,"Elektro  Frontantrieb, Reduktionsgetriebe, 115 kW (156 PS)",,"48,4 kWh Batterie",Europe,Elektro,,3673,,,,,Elektro,,,Elektro,Left Hand Side,,115,156,156,,,Europe,,,,,,1765,0,0,Single fuel,"Vorne quer, Frontantrieb",,,,,,,,,,"7,0 J x 17-Zoll-Leichtmetallfelgen mit 215/60 R 17 Bereifung","7,0 J x 17-Zoll-Leichtmetallfelgen mit 215/60 R 17 Bereifung",,,,,,,,,,,,,,,https://www.hyundai.com/de/de/konfigurator/configure/KONA/27/V6/202/trims/120/summary,https://www.hyundai.com/de/de/konfigurator/api/data/model/27/gen/V6/body/202/trim/120/config.json?withAccessories&sections=
DE,Hyundai,Hyundai,KONA,"Prime Hybrid 1.6 GDI Frontantrieb Benzin, DCT, 104 kW (141 PS)",,,Europe,Elektro,,3634,,,,,Elektro,,,Prime Hybrid,Left Hand Side,,77,105,105,,,Europe,,,,,,1600,103,107,Multi fuel,"Vorne quer, Frontantrieb",,,,,,,,,,"7,0 J x 18-Zoll-Leichtmetallfelgen mit 215/55 R 18 Bereifung","7,0 J x 18-Zoll-Leichtmetallfelgen mit 215/55 R 18 Bereifung",,,,,,,,,,,,,,,https://www.hyundai.com/de/de/konfigurator/configure/KONA/27/V6/201/trims/139/summary,https://www.hyundai.com/de/de/konfigurator/api/data/model/27/gen/V6/body/201/trim/139/config.json?withAccessories&sections=
DE,Hyundai,Hyundai,KONA,"1.0 T-GDI Frontantrieb Benzin, 6-Gang, 88 kW (120 PS)",,,Europe,Elektro,,3634,,,,,Elektro,,,,Left Hand Side,,88,120,120,,,Europe,,,,,,1510,129,131,Single fuel,"Vorne quer, Frontantrieb",,,,,,,,,,"6,5 J x 16-Zoll-Leichtmetallfelgen mit 205/65 R 16 Bereifung","6,5 J x 16-Zoll-Leichtmetallfelgen mit 205/65 R 16 Bereifung",,,,,,,,,,,,,,,https://www.hyundai.com/de/de/konfigurator/configure/KONA/27/V6/201/trims/81/summary,https://www.hyundai.com/de/de/konfigurator/api/data/model/27/gen/V6/body/201/trim/81/config.json?withAccessories&sections=
DE,Hyundai,Hyundai,BAYON,"Prime 1.0 T-GDI Frontantrieb Benzin, 6-Gang, 74 kW (100 PS)",,,Europe,SUV,,3716,,,,,SUV,,,Prime,Left Hand Side,,74,100,100,,,Europe,,,,,,1280,122,129,Single fuel,"Vorne quer, Frontantrieb",,,,,,,,,,"7,0 J x 17-Zoll-Leichtmetallfelgen mit 215/45 R 17 Bereifung","7,0 J x 17-Zoll-Leichtmetallfelgen mit 215/45 R 17 Bereifung",,,,,,,,,,,,,,,https://www.hyundai.com/de/de/konfigurator/configure/BAYON/48/V3/219/trims/133/summary,https://www.hyundai.com/de/de/konfigurator/api/data/model/48/gen/V3/body/219/trim/133/config.json?withAccessories&sections=
DE,Hyundai,Hyundai,BAYON,"Trend 1.0 T-GDI Frontantrieb Benzin, 6-Gang, 74 kW (100 PS)",,,Europe,SUV,,3716,,,,,SUV,,,Trend,Left Hand Side,,74,100,100,,,Europe,,,,,,1280,122,129,Single fuel,"Vorne quer, Frontantrieb",,,,,,,,,,"6,0 J x 16-Zoll-Leichtmetallfelgen mit 195/55 R 16 Bereifung","6,0 J x 16-Zoll-Leichtmetallfelgen mit 195/55 R 16 Bereifung",,,,,,,,,,,,,,,https://www.hyundai.com/de/de/konfigurator/configure/BAYON/48/V3/219/trims/26/summary,https://www.hyundai.com/de/de/konfigurator/api/data/model/48/gen/V3/body/219/trim/26/config.json?withAccessories&sections=
DE,Hyundai,Hyundai,STARIA 7-Sitzer,"Signature 2.2 CRDi Frontantrieb Diesel, Automatik, 130 kW (177 PS)",,,Europe,Van,,3420,,,,,Van,,,Signature,Left Hand Side,,130,177,177,,,Europe,,,,,,2438,222,222,Single fuel,"Vorne quer, Frontantrieb",,,,,,,,,,"7,0 J x 18-Zoll-Leichtmetallfelgen mit 235/55 R 18 Bereifung mit Kupferoptik","7,0 J x 18-Zoll-Leichtmetallfelgen mit 235/55 R 18 Bereifung mit Kupferoptik",,,,,,,,,,,,,,,https://www.hyundai.com/de/de/konfigurator/configure/STARIA/55/V2/196/trims/136/summary,https://www.hyundai.com/de/de/konfigurator/api/data/model/55/gen/V2/body/196/trim/136/config.json?withAccessories&sections=
DE,Hyundai,Hyundai,STARIA 9-Sitzer,"Trend 2.2 CRDi Frontantrieb Diesel, Automatik, 130 kW (177 PS)",,,Europe,Van,,3424,,,,,Van,,,Trend,Left Hand Side,,130,177,177,,,Europe,,,,,,2391,222,222,Single fuel,"Vorne quer, Frontantrieb",,,,,,,,,,17-Zoll-Leichtmetallfelgen mit 215/65 R 17 Bereifung,17-Zoll-Leichtmetallfelgen mit 215/65 R 17 Bereifung,,,,,,,,,,,,,,,https://www.hyundai.com/de/de/konfigurator/configure/STARIA/55/V2/197/trims/26/summary,https://www.hyundai.com/de/de/konfigurator/api/data/model/55/gen/V2/body/197/trim/26/config.json?withAccessories&sections=
DE,Hyundai,Hyundai,BAYON,"1.0 T-GDI Frontantrieb Benzin, 6-Gang, 74 kW (100 PS)",,,Europe,SUV,,3716,,,,,SUV,,,,Left Hand Side,,74,100,100,,,Europe,,,,,,1280,122,129,Single fuel,"Vorne quer, Frontantrieb",,,,,,,,,,"6,0 J x 15-Zoll-Stahlfelgen mit Radzierblende und 185/65 R 15 Bereifung","6,0 J x 15-Zoll-Stahlfelgen mit Radzierblende und 185/65 R 15 Bereifung",,,,,,,,,,,,,,,https://www.hyundai.com/de/de/konfigurator/configure/BAYON/48/V3/219/trims/81/summary,https://www.hyundai.com/de/de/konfigurator/api/data/model/48/gen/V3/body/219/trim/81/config.json?withAccessories&sections=
DE,Hyundai,Hyundai,i30 Fastback N,"i30 Fastback N Performance 2.0 T-GDI Frontantrieb Benzin, 6-Gang, 206 kW (280 PS)",,,Europe,Kompakt,,3383,,,,,Kompakt,,,i30 Fastback N Performance,Left Hand Side,,206,280,280,,,Europe,,,,,,1586,182,182,Single fuel,"Vorne quer, Frontantrieb",,,,,,,,,,"8,0 J x 19-Zoll-Schmiedefelgen mit 235/35 R 19 Bereifung","8,0 J x 19-Zoll-Schmiedefelgen mit 235/35 R 19 Bereifung",,,,,,,,,,,,,,,https://www.hyundai.com/de/de/konfigurator/configure/i30 Fastback N/32/V5/191/trims/110/summary,https://www.hyundai.com/de/de/konfigurator/api/data/model/32/gen/V5/body/191/trim/110/config.json?withAccessories&sections=
DE,Hyundai,Hyundai,i30 Kombi,"N Line 1.5 T-GDI Frontantrieb Benzin 48V-Hybrid, 6-Gang, 103 kW (140 PS)",,,Europe,Kompakt,,3756,,,,,Kompakt,,,N Line,Left Hand Side,,103,140,140,,,Europe,,,,,,1517,133,152,Multi fuel,"Vorne quer, Frontantrieb",,,,,,,,,,"7,5 J x 18-Zoll-Leichtmetallfelgen mit 225/40 R 18 Bereifung","7,5 J x 18-Zoll-Leichtmetallfelgen mit 225/40 R 18 Bereifung",,,,,,,,,,,,,,,https://www.hyundai.com/de/de/konfigurator/configure/i30/3/V15/225/trims/104/summary,https://www.hyundai.com/de/de/konfigurator/api/data/model/3/gen/V15/body/225/trim/104/config.json?withAccessories&sections=
DE,Hyundai,Hyundai,STARIA 9-Sitzer,"Prime 2.2 CRDi Frontantrieb Diesel, Automatik, 130 kW (177 PS)",,,Europe,Van,,3424,,,,,Van,,,Prime,Left Hand Side,,130,177,177,,,Europe,,,,,,2391,222,222,Single fuel,"Vorne quer, Frontantrieb",,,,,,,,,,"7,0 J x 18-Zoll-Leichtmetallfelgen mit 235/55 R 18 Bereifung","7,0 J x 18-Zoll-Leichtmetallfelgen mit 235/55 R 18 Bereifung",,,,,,,,,,,,,,,https://www.hyundai.com/de/de/konfigurator/configure/STARIA/55/V2/197/trims/133/summary,https://www.hyundai.com/de/de/konfigurator/api/data/model/55/gen/V2/body/197/trim/133/config.json?withAccessories&sections=
DE,Hyundai,Hyundai,NEXO," Wasserstoff Frontantrieb, Reduktionsgetriebe, 120 kW (163 PS)",,,Europe,Elektro,,3646,,,,,Elektro,,,NEXO,Left Hand Side,,95,129,129,,,Europe,,,,,,1948,0,0,Single fuel,"Vorne, Frontantrieb",,,,,,,,,,"7,0 J x 17-Zoll-Leichtmetallfelgen mit 225/60 R 17 Bereifung","7,0 J x 17-Zoll-Leichtmetallfelgen mit 225/60 R 17 Bereifung",,,,,,,,,,,,,,,https://www.hyundai.com/de/de/konfigurator/configure/NEXO/29/V5/207/trims/100/summary,https://www.hyundai.com/de/de/konfigurator/api/data/model/29/gen/V5/body/207/trim/100/config.json?withAccessories&sections=
DE,Hyundai,Hyundai,SANTA FE 7-Sitzer,"Signature 1.6 T-GDI Hybrid Frontantrieb Benzin, Automatik, 158 kW (215 PS)",,,Europe,SUV,,3768,,,,,SUV,,,Signature,Left Hand Side,,118,160,160,,,Europe,,,,,,2105,145,157,Multi fuel,"Vorne quer, Frontantrieb",,,,,,,,,,"8,5 J x 20-Zoll-Leichtmetallfelgen mit 255/45 R 20 Bereifung","8,5 J x 20-Zoll-Leichtmetallfelgen mit 255/45 R 20 Bereifung",,,,,,,,,,,,,,,https://www.hyundai.com/de/de/konfigurator/configure/SANTA FE/11/V12/228/trims/136/summary,https://www.hyundai.com/de/de/konfigurator/api/data/model/11/gen/V12/body/228/trim/136/config.json?withAccessories&sections=
DE,Hyundai,Hyundai,SANTA FE 5-Sitzer,"Blackline 1.6 T-GDI Hybrid Frontantrieb Benzin, Automatik, 158 kW (215 PS)",,,Europe,SUV,,3758,,,,,SUV,,,Blackline,Left Hand Side,,118,160,160,,,Europe,,,,,,2050,145,157,Multi fuel,"Vorne quer, Frontantrieb",,,,,,,,,,"8,5 J x 20-Zoll-Leichtmetallfelgen mit 255/45 R 20 Bereifung","8,5 J x 20-Zoll-Leichtmetallfelgen mit 255/45 R 20 Bereifung",,,,,,,,,,,,,,,https://www.hyundai.com/de/de/konfigurator/configure/SANTA FE/11/V12/226/trims/155/summary,https://www.hyundai.com/de/de/konfigurator/api/data/model/11/gen/V12/body/226/trim/155/config.json?withAccessories&sections=
DE,Hyundai,Hyundai,SANTA FE 5-Sitzer,"Signature 1.6 T-GDI Hybrid Frontantrieb Benzin, Automatik, 158 kW (215 PS)",,,Europe,SUV,,3758,,,,,SUV,,,Signature,Left Hand Side,,118,160,160,,,Europe,,,,,,2050,145,157,Multi fuel,"Vorne quer, Frontantrieb",,,,,,,,,,"8,5 J x 20-Zoll-Leichtmetallfelgen mit 255/45 R 20 Bereifung","8,5 J x 20-Zoll-Leichtmetallfelgen mit 255/45 R 20 Bereifung",,,,,,,,,,,,,,,https://www.hyundai.com/de/de/konfigurator/configure/SANTA FE/11/V12/226/trims/136/summary,https://www.hyundai.com/de/de/konfigurator/api/data/model/11/gen/V12/body/226/trim/136/config.json?withAccessories&sections=
DE,Hyundai,Hyundai,SANTA FE 5-Sitzer,"Prime 1.6 T-GDI Hybrid Frontantrieb Benzin, Automatik, 158 kW (215 PS)",,,Europe,SUV,,3758,,,,,SUV,,,Prime,Left Hand Side,,118,160,160,,,Europe,,,,,,2050,145,157,Multi fuel,"Vorne quer, Frontantrieb",,,,,,,,,,"8,5 J x 20-Zoll-Leichtmetallfelgen mit 255/45 R 20 Bereifung","8,5 J x 20-Zoll-Leichtmetallfelgen mit 255/45 R 20 Bereifung",,,,,,,,,,,,,,,https://www.hyundai.com/de/de/konfigurator/configure/SANTA FE/11/V12/226/trims/133/summary,https://www.hyundai.com/de/de/konfigurator/api/data/model/11/gen/V12/body/226/trim/133/config.json?withAccessories&sections=
DE,Hyundai,Hyundai,SANTA FE 6-Sitzer,"Blackline 1.6 T-GDI Hybrid Frontantrieb Benzin, Automatik, 158 kW (215 PS)",,,Europe,SUV,,3765,,,,,SUV,,,Blackline,Left Hand Side,,118,160,160,,,Europe,,,,,,2090,145,157,Multi fuel,"Vorne quer, Frontantrieb",,,,,,,,,,"8,5 J x 20-Zoll-Leichtmetallfelgen mit 255/45 R 20 Bereifung","8,5 J x 20-Zoll-Leichtmetallfelgen mit 255/45 R 20 Bereifung",,,,,,,,,,,,,,,https://www.hyundai.com/de/de/konfigurator/configure/SANTA FE/11/V12/227/trims/155/summary,https://www.hyundai.com/de/de/konfigurator/api/data/model/11/gen/V12/body/227/trim/155/config.json?withAccessories&sections=
DE,Hyundai,Hyundai,SANTA FE 7-Sitzer,"Blackline 1.6 T-GDI Hybrid Frontantrieb Benzin, Automatik, 158 kW (215 PS)",,,Europe,SUV,,3768,,,,,SUV,,,Blackline,Left Hand Side,,118,160,160,,,Europe,,,,,,2105,145,157,Multi fuel,"Vorne quer, Frontantrieb",,,,,,,,,,"8,5 J x 20-Zoll-Leichtmetallfelgen mit 255/45 R 20 Bereifung","8,5 J x 20-Zoll-Leichtmetallfelgen mit 255/45 R 20 Bereifung",,,,,,,,,,,,,,,https://www.hyundai.com/de/de/konfigurator/configure/SANTA FE/11/V12/228/trims/155/summary,https://www.hyundai.com/de/de/konfigurator/api/data/model/11/gen/V12/body/228/trim/155/config.json?withAccessories&sections=
DE,Hyundai,Hyundai,TUCSON,"Prime 1.6 T-GDI Frontantrieb Benzin, DCT, 118 kW (160 PS)",,,Europe,SUV,,3724,,,,,SUV,,,Prime,Left Hand Side,,118,160,160,,,Europe,,,,,,1724,140,148,Multi fuel,"Vorne quer, Frontantrieb",,,,,,,,,,"7,5 J x 19-Zoll-Leichtmetallfelgen mit 235/50 R 19 Bereifung","7,5 J x 19-Zoll-Leichtmetallfelgen mit 235/50 R 19 Bereifung",,,,,,,,,,,,,,,https://www.hyundai.com/de/de/konfigurator/configure/TUCSON/8/V9/221/trims/133/summary,https://www.hyundai.com/de/de/konfigurator/api/data/model/8/gen/V9/body/221/trim/133/config.json?withAccessories&sections=
DE,Hyundai,Hyundai,TUCSON,"N Line 1.6 T-GDI Frontantrieb Benzin, DCT, 118 kW (160 PS)",,,Europe,SUV,,3724,,,,,SUV,,,N Line,Left Hand Side,,118,160,160,,,Europe,,,,,,1724,140,148,Multi fuel,"Vorne quer, Frontantrieb",,,,,,,,,,"7,5 J x 19-Zoll-Leichtmetallfelgen mit 235/50 R 19 Bereifung","7,5 J x 19-Zoll-Leichtmetallfelgen mit 235/50 R 19 Bereifung",,,,,,,,,,,,,,,https://www.hyundai.com/de/de/konfigurator/configure/TUCSON/8/V9/221/trims/104/summary,https://www.hyundai.com/de/de/konfigurator/api/data/model/8/gen/V9/body/221/trim/104/config.json?withAccessories&sections=
DE,Hyundai,Hyundai,TUCSON,"1.6 T-GDI Frontantrieb Benzin, 6-Gang, 118 kW (160 PS)",,,Europe,SUV,,3724,,,,,SUV,,,,Left Hand Side,,118,160,160,,,Europe,,,,,,1661,152,162,Single fuel,"Vorne quer, Frontantrieb",,,,,,,,,,"7,0 J x 17-Zoll-Leichtmetallfelgen mit 215/65 R 17 Bereifung","7,0 J x 17-Zoll-Leichtmetallfelgen mit 215/65 R 17 Bereifung",,,,,,,,,,,,,,,https://www.hyundai.com/de/de/konfigurator/configure/TUCSON/8/V9/221/trims/81/summary,https://www.hyundai.com/de/de/konfigurator/api/data/model/8/gen/V9/body/221/trim/81/config.json?withAccessories&sections=
DE,Hyundai,Hyundai,i30 Kombi,"Advantage 1.0 T-GDI Frontantrieb Benzin, 6-Gang, 74 kW (100 PS)",,,Europe,Kompakt,,3756,,,,,Kompakt,,,Advantage,Left Hand Side,,74,100,100,,,Europe,,,,,,1474,126,143,Single fuel,"Vorne quer, Frontantrieb",,,,,,,,,,"7,0 J x 17-Zoll-Leichtmetallfelgen mit 225/45 R 17 Bereifung","7,0 J x 17-Zoll-Leichtmetallfelgen mit 225/45 R 17 Bereifung",,,,,,,,,,,,,,,https://www.hyundai.com/de/de/konfigurator/configure/i30/3/V15/225/trims/161/summary,https://www.hyundai.com/de/de/konfigurator/api/data/model/3/gen/V15/body/225/trim/161/config.json?withAccessories&sections=
DE,Hyundai,Hyundai,i30 N Sondermodell,"Drive-N Limited Edition 2.0 T-GDI Frontantrieb Benzin, 6-Gang, 206 kW (280 PS)",,,Europe,Sport,,3372,,,,,Sport,,,Drive-N Limited Edition,Left Hand Side,,206,280,280,,,Europe,,,,,,1574,,,Single fuel,"Vorne quer, Frontantrieb",,,,,,,,,,"8,0 J x 19-Zoll-Schmiedefelgen in Dunkelbronze mit 235/35 R 19 Bereifung","8,0 J x 19-Zoll-Schmiedefelgen in Dunkelbronze mit 235/35 R 19 Bereifung",,,,,,,,,,,,,,,https://www.hyundai.com/de/de/konfigurator/configure/i30 N Sondermodell/65/V1/184/trims/153/summary,https://www.hyundai.com/de/de/konfigurator/api/data/model/65/gen/V1/body/184/trim/153/config.json?withAccessories&sections=
DE,Hyundai,Hyundai,IONIQ 6,"Elektro Heckantrieb, Reduktionsgetriebe, 111 kW (151 PS)",,53 kWh Batterie,Europe,Elektro,,3462,,,,,Elektro,,,IONIQ 6,Left Hand Side,,111,151,151,,,Europe,,,,,,1908,0,0,Single fuel,"hinten, Heckantrieb",,,,,,,,,,"7,5 J x 18-Zoll-Leichtmetallfelgen mit 225/55 R 18 Bereifung","7,5 J x 18-Zoll-Leichtmetallfelgen mit 225/55 R 18 Bereifung",,,,,,,,,,,,,,,https://www.hyundai.com/de/de/konfigurator/configure/IONIQ 6/67/V1/186/trims/156/summary,https://www.hyundai.com/de/de/konfigurator/api/data/model/67/gen/V1/body/186/trim/156/config.json?withAccessories&sections=
DE,Hyundai,Hyundai,IONIQ 5 N,"Elektro Allrad, Reduktionsgetriebe, 448 kW (609 PS)",,Allradantrieb und 84 kWh Batterie,Europe,Elektro,,3687,,,,,Elektro,,,IONIQ 5 N,Left Hand Side,,448,609,609,,,Europe,,,,,,2305,0,0,Single fuel,"hinten und vorne, Allradantrieb",,,,,,,,,,"9,5 J x 21-Zoll-Schmiedefelgen mit 275/35 R 21 Bereifung","9,5 J x 21-Zoll-Schmiedefelgen mit 275/35 R 21 Bereifung",,,,,,,,,,,,,,,https://www.hyundai.com/de/de/konfigurator/configure/IONIQ 5 N/73/V1/214/trims/163/summary,https://www.hyundai.com/de/de/konfigurator/api/data/model/73/gen/V1/body/214/trim/163/config.json?withAccessories&sections=
DE,Hyundai,Hyundai,i30 Fastback N Sondermodell,"Drive-N Limited Edition 2.0 T-GDI Frontantrieb Benzin, 6-Gang, 206 kW (280 PS)",,,Europe,Kompakt,,3374,,,,,Kompakt,,,Drive-N Limited Edition,Left Hand Side,,206,280,280,,,Europe,,,,,,1586,,,Single fuel,"Vorne quer, Frontantrieb",,,,,,,,,,"8,0 J x 19-Zoll-Schmiedefelgen in Dunkelbronze mit 235/35 R 19 Bereifung","8,0 J x 19-Zoll-Schmiedefelgen in Dunkelbronze mit 235/35 R 19 Bereifung",,,,,,,,,,,,,,,https://www.hyundai.com/de/de/konfigurator/configure/i30 Fastback N Sondermodell/66/V1/185/trims/153/summary,https://www.hyundai.com/de/de/konfigurator/api/data/model/66/gen/V1/body/185/trim/153/config.json?withAccessories&sections=
DE,Hyundai,Hyundai,i30 N,"i30 N Performance 2.0 T-GDI Frontantrieb Benzin, 6-Gang, 206 kW (280 PS)",,,Europe,Sport,,3380,,,,,Sport,,,i30 N Performance,Left Hand Side,,206,280,280,,,Europe,,,,,,1574,182,182,Single fuel,"Vorne quer, Frontantrieb",,,,,,,,,,"8,0 J x 19-Zoll-Schmiedefelgen mit 235/35 R 19 Bereifung","8,0 J x 19-Zoll-Schmiedefelgen mit 235/35 R 19 Bereifung",,,,,,,,,,,,,,,https://www.hyundai.com/de/de/konfigurator/configure/i30 N/26/V6/190/trims/93/summary,https://www.hyundai.com/de/de/konfigurator/api/data/model/26/gen/V6/body/190/trim/93/config.json?withAccessories&sections=
DE,Hyundai,Hyundai,i30 N," 2.0 T-GDI Frontantrieb Benzin, 6-Gang, 184 kW (250 PS)",,,Europe,Sport,,3380,,,,,Sport,,,i30 N,Left Hand Side,,184,250,250,,,Europe,,,,,,1560,175,175,Single fuel,"Vorne quer, Frontantrieb",,,,,,,,,,"7,5 J x 18-Zoll-Leichtmetallfelgen mit 225/40 R 18 Bereifung","7,5 J x 18-Zoll-Leichtmetallfelgen mit 225/40 R 18 Bereifung",,,,,,,,,,,,,,,https://www.hyundai.com/de/de/konfigurator/configure/i30 N/26/V6/190/trims/92/summary,https://www.hyundai.com/de/de/konfigurator/api/data/model/26/gen/V6/body/190/trim/92/config.json?withAccessories&sections=
DE,Hyundai,Hyundai,i30,"Advantage 1.0 T-GDI Frontantrieb Benzin, 6-Gang, 74 kW (100 PS)",,,Europe,Kompakt,,3750,,,,,Kompakt,,,Advantage,Left Hand Side,,74,100,100,,,Europe,,,,,,1440,126,143,Single fuel,"Vorne quer, Frontantrieb",,,,,,,,,,"7,0 J x 17-Zoll-Leichtmetallfelgen mit 225/45 R 17 Bereifung","7,0 J x 17-Zoll-Leichtmetallfelgen mit 225/45 R 17 Bereifung",,,,,,,,,,,,,,,https://www.hyundai.com/de/de/konfigurator/configure/i30/3/V15/224/trims/161/summary,https://www.hyundai.com/de/de/konfigurator/api/data/model/3/gen/V15/body/224/trim/161/config.json?withAccessories&sections=
DE,Hyundai,Hyundai,i20 N," 1.6 T-GDI Frontantrieb Benzin, 6-Gang, 150 kW (204 PS)",,,Europe,Klein,,3377,,,,,Klein,,,i20 N,Left Hand Side,,150,204,204,,,Europe,,,,,,1220,158,158,Single fuel,"Vorne quer, Frontantrieb",,,,,,,,,,"7,5 J x 18-Zoll-Leichtmetallfelgen mit 215/40 R 18 Bereifung","7,5 J x 18-Zoll-Leichtmetallfelgen mit 215/40 R 18 Bereifung",,,,,,,,,,,,,,,https://www.hyundai.com/de/de/konfigurator/configure/i20 N/44/V2/188/trims/143/summary,https://www.hyundai.com/de/de/konfigurator/api/data/model/44/gen/V2/body/188/trim/143/config.json?withAccessories&sections=
DE,Hyundai,Hyundai,i30,"N Line 1.5 T-GDI Frontantrieb Benzin 48V-Hybrid, 6-Gang, 103 kW (140 PS)",,,Europe,Kompakt,,3750,,,,,Kompakt,,,N Line,Left Hand Side,,103,140,140,,,Europe,,,,,,1503,133,152,Multi fuel,"Vorne quer, Frontantrieb",,,,,,,,,,"7,5 J x 18-Zoll-Leichtmetallfelgen mit 225/40 R 18 Bereifung","7,5 J x 18-Zoll-Leichtmetallfelgen mit 225/40 R 18 Bereifung",,,,,,,,,,,,,,,https://www.hyundai.com/de/de/konfigurator/configure/i30/3/V15/224/trims/104/summary,https://www.hyundai.com/de/de/konfigurator/api/data/model/3/gen/V15/body/224/trim/104/config.json?withAccessories&sections=
DE,Hyundai,Hyundai,i20 N,"i20 N Performance 1.6 T-GDI Frontantrieb Benzin, 6-Gang, 150 kW (204 PS)",,,Europe,Klein,,3377,,,,,Klein,,,i20 N Performance,Left Hand Side,,150,204,204,,,Europe,,,,,,1220,158,158,Single fuel,"Vorne quer, Frontantrieb",,,,,,,,,,"7,5 J x 18-Zoll-Leichtmetallfelgen mit 215/40 R 18 Bereifung","7,5 J x 18-Zoll-Leichtmetallfelgen mit 215/40 R 18 Bereifung",,,,,,,,,,,,,,,https://www.hyundai.com/de/de/konfigurator/configure/i20 N/44/V2/188/trims/144/summary,https://www.hyundai.com/de/de/konfigurator/api/data/model/44/gen/V2/body/188/trim/144/config.json?withAccessories&sections=
DE,Hyundai,Hyundai,i20,"Prime 1.0 T-GDI Frontantrieb Benzin, 6-Gang, 74 kW (100 PS)",,,Europe,Klein,,3709,,,,,Klein,,,Prime,Left Hand Side,,74,100,100,,,Europe,,,,,,1260,117,127,Single fuel,"Vorne quer, Frontantrieb",,,,,,,,,,"7,0 J x 17-Zoll-Leichtmetallfelgen mit 215/45 R 17 Bereifung","7,0 J x 17-Zoll-Leichtmetallfelgen mit 215/45 R 17 Bereifung",,,,,,,,,,,,,,,https://www.hyundai.com/de/de/konfigurator/configure/i20/2/V13/218/trims/133/summary,https://www.hyundai.com/de/de/konfigurator/api/data/model/2/gen/V13/body/218/trim/133/config.json?withAccessories&sections=
DE,Hyundai,Hyundai,i20,"N Line 1.0 T-GDI Frontantrieb Benzin, 6-Gang, 74 kW (100 PS)",,,Europe,Klein,,3709,,,,,Klein,,,N Line,Left Hand Side,,74,100,100,,,Europe,,,,,,1260,117,127,Single fuel,"Vorne quer, Frontantrieb",,,,,,,,,,"7,0 J x 17-Zoll-Leichtmetallfelgen mit 215/45 R 17 Bereifung","7,0 J x 17-Zoll-Leichtmetallfelgen mit 215/45 R 17 Bereifung",,,,,,,,,,,,,,,https://www.hyundai.com/de/de/konfigurator/configure/i20/2/V13/218/trims/104/summary,https://www.hyundai.com/de/de/konfigurator/api/data/model/2/gen/V13/body/218/trim/104/config.json?withAccessories&sections=
DE,Hyundai,Hyundai,i10,"N Line 1.0 T-GDI Frontantrieb Benzin, 5-Gang, 66 kW (90 PS)",,,Europe,Klein,,3700,,,,,Klein,,,N Line,Left Hand Side,,66,90,90,,,Europe,,,,,,1120,123,123,Single fuel,"Vorne quer, Frontantrieb",,,,,,,,,,"6,5 J x 16-Zoll-Leichtmetallfelgen mit 195/45 R 16 Bereifung","6,5 J x 16-Zoll-Leichtmetallfelgen mit 195/45 R 16 Bereifung",,,,,,,,,,,,,,,https://www.hyundai.com/de/de/konfigurator/configure/i10/1/V11/217/trims/104/summary,https://www.hyundai.com/de/de/konfigurator/api/data/model/1/gen/V11/body/217/trim/104/config.json?withAccessories&sections=
DE,Hyundai,Hyundai,i10,"1.0 Frontantrieb Benzin, 5-Gang, 46 kW (63 PS)",,,Europe,Klein,,3700,,,,,Klein,,,,Left Hand Side,,46,63,63,,,Europe,,,,,,1068,111,125,Single fuel,"Vorne quer, Frontantrieb",,,,,,,,,,"5,5 J x 14-Zoll-Stahlfelgen mit Radzierblende und 175/65 R 14 Bereifung","5,5 J x 14-Zoll-Stahlfelgen mit Radzierblende und 175/65 R 14 Bereifung",,,,,,,,,,,,,,,https://www.hyundai.com/de/de/konfigurator/configure/i10/1/V11/217/trims/81/summary,https://www.hyundai.com/de/de/konfigurator/api/data/model/1/gen/V11/body/217/trim/81/config.json?withAccessories&sections=
DE,Hyundai,Hyundai,i10,"Trend 1.0 Frontantrieb Benzin, 5-Gang, 46 kW (63 PS)",,,Europe,Klein,,3700,,,,,Klein,,,Trend,Left Hand Side,,46,63,63,,,Europe,,,,,,1068,114,126,Single fuel,"Vorne quer, Frontantrieb",,,,,,,,,,"6,0 J x 15-Zoll-Leichtmetallfelgen mit 185/55 R 15 Bereifung","6,0 J x 15-Zoll-Leichtmetallfelgen mit 185/55 R 15 Bereifung",,,,,,,,,,,,,,,https://www.hyundai.com/de/de/konfigurator/configure/i10/1/V11/217/trims/26/summary,https://www.hyundai.com/de/de/konfigurator/api/data/model/1/gen/V11/body/217/trim/26/config.json?withAccessories&sections=
DE,Hyundai,Hyundai,i20,"Select 1.2 Frontantrieb Benzin, 5-Gang, 58 kW (79 PS)",,,Europe,Klein,,3709,,,,,Klein,,,,Left Hand Side,,58,79,79,,,Europe,,,,,,1208,120,128,Single fuel,"Vorne quer, Frontantrieb",,,,,,,,,,"6,0 J x 15-Zoll-Stahlfelgen mit Radzierblende und 185/65 R 15 Bereifung","6,0 J x 15-Zoll-Stahlfelgen mit Radzierblende und 185/65 R 15 Bereifung",,,,,,,,,,,,,,,https://www.hyundai.com/de/de/konfigurator/configure/i20/2/V13/218/trims/81/summary,https://www.hyundai.com/de/de/konfigurator/api/data/model/2/gen/V13/body/218/trim/81/config.json?withAccessories&sections=
DE,Hyundai,Hyundai,i20,"Trend 1.0 T-GDI Frontantrieb Benzin, 6-Gang, 74 kW (100 PS)",,,Europe,Klein,,3709,,,,,Klein,,,Trend,Left Hand Side,,74,100,100,,,Europe,,,,,,1260,117,127,Single fuel,"Vorne quer, Frontantrieb",,,,,,,,,,"6,0 J x 16-Zoll-Leichtmetallfelgen mit 195/55 R 16 Bereifung","6,0 J x 16-Zoll-Leichtmetallfelgen mit 195/55 R 16 Bereifung",,,,,,,,,,,,,,,https://www.hyundai.com/de/de/konfigurator/configure/i20/2/V13/218/trims/26/summary,https://www.hyundai.com/de/de/konfigurator/api/data/model/2/gen/V13/body/218/trim/26/config.json?withAccessories&sections=
DE,Hyundai,Hyundai,i10,"Prime 1.2 Frontantrieb Benzin, 5-Gang, 58 kW (79 PS)",,,Europe,Klein,,3700,,,,,Klein,,,Prime,Left Hand Side,,58,79,79,,,Europe,,,,,,1082,117,132,Single fuel,"Vorne quer, Frontantrieb",,,,,,,,,,"6,5 J x 16-Zoll-Leichtmetallfelgen mit 195/45 R 16 Bereifung","6,5 J x 16-Zoll-Leichtmetallfelgen mit 195/45 R 16 Bereifung",,,,,,,,,,,,,,,https://www.hyundai.com/de/de/konfigurator/configure/i10/1/V11/217/trims/133/summary,https://www.hyundai.com/de/de/konfigurator/api/data/model/1/gen/V11/body/217/trim/133/config.json?withAccessories&sections=
DE,Hyundai,Hyundai,TUCSON,"Trend 1.6 T-GDI Frontantrieb Benzin, DCT, 118 kW (160 PS)",,,Europe,SUV,,3724,,,,,SUV,,,Trend,Left Hand Side,,118,160,160,,,Europe,,,,,,1724,140,148,Multi fuel,"Vorne quer, Frontantrieb",,,,,,,,,,"7,5 J x 18-Zoll-Leichtmetallfelgen mit 235/55 R 18 Bereifung","7,5 J x 18-Zoll-Leichtmetallfelgen mit 235/55 R 18 Bereifung",,,,,,,,,,,,,,,https://www.hyundai.com/de/de/konfigurator/configure/TUCSON/8/V9/221/trims/26/summary,https://www.hyundai.com/de/de/konfigurator/api/data/model/8/gen/V9/body/221/trim/26/config.json?withAccessories&sections=
